optimizer,accuracy,precision,recall,f1,auroc,udr,evt_threshold,train_recon_error_mean,test_recon_error_mean,final_train_loss
ABAO-V2,0.6146759104621979,0.8805797152111032,0.6146759104621979,0.7019605822198791,0.7743595549445054,0.7843770149119259,-0.007368718362158688,0.05812340276315808,0.21678535640239716,1.402489656271407
AdamW,0.58882166631033,0.8631933739757593,0.58882166631033,0.6749496922236857,0.7518845923018376,0.7448739271215347,0.0012811460601369618,0.11903183162212372,0.25686005130410194,1.4774459008091922
Adam,0.5881141835172199,0.863084588971425,0.5881141835172199,0.6739533487621635,0.750395397900461,0.7447345781180115,-0.0004246233711455716,0.12193170748651028,0.2585401311516762,1.4769988072421303
Nadam,0.5770206343209362,0.8638496304606715,0.5770206343209362,0.6624678474377033,0.7488471659972401,0.7448175776922772,0.0019383164108148776,0.12110788468271494,0.26463160291314125,1.4824935442142633
RMSprop,0.6072766730701571,0.7619393192549864,0.6072766730701571,0.6611302973402942,0.7397243464558987,0.6259099787875283,-0.009276896270762336,0.03208574093878269,0.16892127878963947,1.5195391413746737
CRAZYFOX,0.5701828611567882,0.8143910879856437,0.5701828611567882,0.647415485927397,0.7534577539730445,0.7396323435160764,0.0015283143293345347,0.09675345104187727,0.24203979596495628,2.0396242191811824
SGD,0.5726190752017635,0.5825530857736227,0.5726190752017635,0.5556239581128117,0.5837622817180196,0.3606031450794943,-0.03182478409871692,1.8528648018836975,0.8816850632429123,3.7799370379683515
